"0","# ----LIBRARY ----"
"0","library(cardx)"
"0","library(dplyr)"
"0","library(readxl)"
"0","library(ggpattern)"
"0","library(openxlsx)"
"0","library(tidyverse)"
"0","library(gtsummary)"
"0","library(magrittr)"
"0","library(ggplot2)"
"0","library(lubridate)"
"0","library(ggpubr)"
"0","library(survival)"
"0","library(survminer)"
"0","library(scales)"
"0","library(summarytools)"
"0","library(MatchIt)"
"0","library(optmatch)"
"0","library(purrr)"
"0","library(officer)"
"0","library(flextable)"
"0","library(gt)"
"0","library(mice)"
"0","library(googlesheets4)"
"0","library(cards)"
"0","library(RItools)"
"0","library(epiR)"
"0","library(tableone)"
"0","library(cobalt)"
"0","library(broom)"
"0","library(forcats)"
"0","library(dlstats)"
"0","library(pkgsearch)"
"0","library(pROC)"
"0","library(stats)"
"0","library(parameters)"
"0","library(broom.helpers)"
"0","library(forestplot)"
"0","library(kableExtra)"
"0","library(rsconnect)"
"0","library(pacman)"
"0","library(stringr)"
